<?xml version="1.0" encoding="UTF-8"?>
<root>
  <item name="com.getbase.floatingactionbutton.FloatingActionButton int getSize()">
    <annotation name="android.support.annotation.IntDef">
      <val name="value" val="{com.getbase.floatingactionbutton.FloatingActionButton.SIZE_NORMAL, com.getbase.floatingactionbutton.FloatingActionButton.SIZE_MINI}" />
    </annotation>
  </item>
  <item name="com.getbase.floatingactionbutton.FloatingActionButton void setSize(int) 0">
    <annotation name="android.support.annotation.IntDef">
      <val name="value" val="{com.getbase.floatingactionbutton.FloatingActionButton.SIZE_NORMAL, com.getbase.floatingactionbutton.FloatingActionButton.SIZE_MINI}" />
    </annotation>
  </item>
</root>

